ID,name,Geography,History,Mathematics,Literature,Computer Science,Biology,Statistics,Physics,Chemistry,Medicine,Economics,Philosophy,Psychology,Music,Cinema,Television,Sport
Q100,Boston,1,0,0,0,0,0,0,0,0,0,0,0,0,0,0,0,0
Q1000,Gabon,1,0,0,0,0,0,0,0,0,0,0,0,0,0,0,0,0
Q1000056,Sušice,1,0,0,0,0,0,0,0,0,0,0,0,0,0,0,0,0
Q1000073,Pelhřimov,1,0,0,0,0,0,0,0,0,0,0,0,0,0,0,0,0
Q10001,Deventer,1,0,0,0,0,0,0,0,0,0,0,0,0,0,0,0,0
Q1000104,Kikuchi Kan Prize,0,0,0,0,0,0,0,0,0,0,0,0,0,0,0,0,0
Q1000128,The Bohemian,0,0,0,0,0,0,0,0,0,0,0,0,0,0,0,0,0
Q10002,Enschede,1,0,0,0,0,0,0,0,0,0,0,0,0,0,0,0,0
Q1000257,National Aquarium,1,0,0,0,0,0,0,0,0,0,0,0,0,0,0,0,0
Q100026,General Dynamics F-16 Fighting Falcon,0,0,0,0,0,0,0,0,0,0,0,0,0,0,0,0,0
Q100041,Carpi,1,0,0,0,0,0,0,0,0,0,0,0,0,0,0,0,0
Q100047,Commodore Amiga,0,0,0,0,0,0,0,0,0,0,0,0,0,0,0,0,0
Q1000549,Bud Thackery,0,0,0,0,0,0,0,0,0,0,0,0,0,0,0,0,0
Q10006,Hengelo,1,0,0,0,0,0,0,0,0,0,0,0,0,0,0,0,0
Q1000642,Summit,1,0,0,0,0,0,0,0,0,0,0,0,0,0,0,0,0
Q100065,Mirandola,1,0,0,0,0,0,0,0,0,0,0,0,0,0,0,0,0
Q1000662,Stamford,1,0,0,0,0,0,0,0,0,0,0,0,0,0,0,0,0
Q1000764,The Buddenbrooks,0,0,0,0,0,0,0,0,0,0,0,0,0,0,0,1,0
Q1000817,Leiderdorp,1,0,0,0,0,0,0,0,0,0,0,0,0,0,0,0,0
Q1001,Mahatma Gandhi,0,0,0,0,0,0,0,0,0,0,0,0,0,0,0,0,0
Q1001114,Buddy Baker,0,0,0,0,0,0,0,0,0,0,0,0,0,0,0,0,0
Q10014,Kampen,1,0,0,0,0,0,0,0,0,0,0,0,0,0,0,0,0
Q10016,Oldenzaal,1,0,0,0,0,0,0,0,0,0,0,0,0,0,0,0,0
Q100188,Cluj-Napoca,1,0,0,0,0,0,0,0,0,0,0,0,0,0,0,0,0
Q1001994,Buffalo Girls,0,0,0,0,0,0,0,0,0,0,0,0,0,0,0,1,0
Q1002100,Miracle at St. Anna,0,0,0,0,0,0,0,0,0,0,0,0,0,0,0,0,0
Q10022,Steenwijkerland,1,0,0,0,0,0,0,0,0,0,0,0,0,0,0,0,0
Q1002490,New Bern,1,0,0,0,0,0,0,0,0,0,0,0,0,0,0,0,0
Q10027,Baarn,1,0,0,0,0,0,0,0,0,0,0,0,0,0,0,0,0
Q1002826,Alnwick,1,0,0,0,0,0,0,0,0,0,0,0,0,0,0,0,0
Q1003074,Glen Ridge,1,0,0,0,0,0,0,0,0,0,0,0,0,0,0,0,0
Q1003082,Rahway,1,0,0,0,0,0,0,0,0,0,0,0,0,0,0,0,0
Q100338,Rudolf Lettinger,0,0,0,0,0,0,0,0,0,0,0,0,0,0,0,0,0
Q10035,De Bilt,1,0,0,0,0,0,0,0,0,0,0,0,0,0,0,0,0
Q1003717,Fred Murphy,0,0,0,0,0,0,0,0,0,0,0,0,0,0,0,0,0
Q1003730,Bulgarian Academy of Sciences,0,0,0,0,0,0,0,0,0,0,0,0,0,0,0,0,0
Q1004,comics,0,0,0,0,0,0,0,0,0,0,0,0,0,0,0,0,0
Q10040,Rhenen,1,0,0,0,0,0,0,0,0,0,0,0,0,0,0,0,0
Q10041,Soest,1,0,0,0,0,0,0,0,0,0,0,0,0,0,0,0,0
Q10042,Stichtse Vecht,1,0,0,0,0,0,0,0,0,0,0,0,0,0,0,0,0
Q1004433,Bulletproof,0,0,0,0,0,0,0,0,0,0,0,0,0,0,0,0,0
Q1004440,Kill the Irishman,0,0,0,0,0,0,0,0,0,0,0,0,0,0,0,0,0
Q1004531,Bullets Over Broadway,0,0,0,0,0,0,0,0,0,0,0,0,0,0,0,0,0
Q1004657,Bully,0,0,0,0,0,0,0,0,0,0,0,0,0,0,0,0,0
Q1004666,Fars Province,1,0,0,0,0,0,0,0,0,0,0,0,0,0,0,0,0
Q1004687,Shire of Buloke,1,0,0,0,0,0,0,0,0,0,0,0,0,0,0,0,0
Q1005,The Gambia,1,0,0,0,0,0,0,0,0,0,0,0,0,0,0,0,0
Q10050,Nieuwegein,1,0,0,0,0,0,0,0,0,0,0,0,0,0,0,0,0
Q1005343,Bundaberg Region,1,0,0,0,0,0,0,0,0,0,0,0,0,0,0,0,0
Q10056,Zeist,1,0,0,0,0,0,0,0,0,0,0,0,0,0,0,0,0
Q1006,Guinea,1,0,0,0,0,0,0,0,0,0,0,0,0,0,0,0,0
Q1006398,Federal Chancellor of Austria,0,0,0,0,0,0,0,0,0,0,0,0,0,0,0,0,0
Q1006408,Sesimbra,1,0,0,0,0,0,0,0,0,0,0,0,0,0,0,0,0
Q1006997,Carlo Di Palma,0,0,0,0,0,0,0,0,0,0,0,0,0,0,0,0,0
Q1007,Guinea-Bissau,1,0,0,0,0,0,0,0,0,0,0,0,0,0,0,0,0
Q1007272,Gabrovo Province,1,0,0,0,0,0,0,0,0,0,0,0,0,0,0,0,0
Q10073,Hulst,1,0,0,0,0,0,0,0,0,0,0,0,0,0,0,0,0
Q1007345,Sergio Fantoni,0,0,0,0,0,0,0,0,0,0,0,0,0,0,0,0,0
Q1007418,Cobourg,1,0,0,0,0,0,0,0,0,0,0,0,0,0,0,0,0
Q100757,Erich Dunskus,0,0,0,0,0,0,0,0,0,0,0,0,0,0,0,0,0
Q1008,Ivory Coast,1,0,0,0,0,0,0,0,0,0,0,0,0,0,0,0,0
Q100811,Fidenza,1,0,0,0,0,0,0,0,0,0,0,0,0,0,0,0,0
Q1008351,Rio Bravo,0,0,0,0,0,0,0,0,0,0,0,0,0,0,0,0,0
Q1008595,Vrchlabí,1,0,0,0,0,0,0,0,0,0,0,0,0,0,0,0,0
Q10086,Mysore,1,0,0,0,0,0,0,0,0,0,0,0,0,0,0,0,0
Q1008801,Adhurs,0,0,0,0,0,0,0,0,0,0,0,0,0,0,0,0,0
Q1008912,Montecito,1,0,0,0,0,0,0,0,0,0,0,0,0,0,0,0,0
Q1009,Cameroon,1,0,0,0,0,0,0,0,0,0,0,0,0,0,0,0,0
Q10090,Hindu,0,0,0,0,0,0,0,0,0,0,0,0,0,0,0,0,0
Q1009050,Renato Pozzetto,0,0,0,0,0,0,0,0,0,0,0,0,0,0,0,0,0
Q1009235,Pontefract,1,0,0,0,0,0,0,0,0,0,0,0,0,0,0,0,0
Q1009253,Ipswich,1,0,0,0,0,0,0,0,0,0,0,0,0,0,0,0,0
Q100937,Fred Astaire,0,0,0,0,0,0,0,0,0,0,0,0,0,0,0,0,0
Q100948,Rachel Carson,0,0,0,0,0,0,0,0,0,0,0,0,0,0,0,0,0
Q1009495,George O'Brien,0,0,0,0,0,0,0,0,0,0,0,0,0,0,0,0,0
Q1009708,Bunny Lake Is Missing,0,0,0,0,0,0,0,0,0,0,0,0,0,0,0,0,0
Q1009788,The Conversation,0,0,0,0,0,0,0,0,0,0,0,0,0,0,0,0,0
Q100989,Hubert von Meyerinck,0,0,0,0,0,0,0,0,0,0,0,0,0,0,0,0,0
Q1010,Maribor,1,0,0,0,0,0,0,0,0,0,0,0,0,0,0,0,0
Q1010058,Simha,0,0,0,0,0,0,0,0,0,0,0,0,0,0,0,0,0
Q1010090,Giorgio Simonelli,0,0,0,0,0,0,0,0,0,0,0,0,0,0,0,0,0
Q1010099,Get Carter,0,0,0,0,0,0,0,0,0,0,0,0,0,0,0,0,0
Q1010210,Redruth,1,0,0,0,0,0,0,0,0,0,0,0,0,0,0,0,0
Q1010225,Meadville,1,0,0,0,0,0,0,0,0,0,0,0,0,0,0,0,0
Q1010228,Carlisle,1,0,0,0,0,0,0,0,0,0,0,0,0,0,0,0,0
Q1010244,West Chester,1,0,0,0,0,0,0,0,0,0,0,0,0,0,0,0,0
Q1010539,Red Bank,1,0,0,0,0,0,0,0,0,0,0,0,0,0,0,0,0
Q1010550,Pargas,1,0,0,0,0,0,0,0,0,0,0,0,0,0,0,0,0
Q101081,Provence,1,0,0,0,0,0,0,0,0,0,0,0,0,0,0,0,0
Q1011,Cape Verde,1,0,0,0,0,0,0,0,0,0,0,0,0,0,0,0,0
Q1011478,Darlinghurst,1,0,0,0,0,0,0,0,0,0,0,0,0,0,0,0,0
Q1011509,Golden Globe Award for Best Motion Picture – Drama,0,0,0,0,0,0,0,0,0,0,0,0,0,0,0,0,0
Q1011547,Golden Globe Awards,0,0,0,0,0,0,0,0,0,0,0,0,0,0,0,0,0
Q1011564,Golden Globe Award for Best Actress in a Motion Picture – Musical or Comedy,0,0,0,0,0,0,0,0,0,0,0,0,0,0,0,0,0
Q1012,Celje,1,0,0,0,0,0,0,0,0,0,0,0,0,0,0,0,0
Q1012216,Gorillas in the Mist,0,0,0,0,0,0,0,0,0,0,0,0,0,0,0,0,0
Q1012251,Gorky Film Studio,0,0,0,0,0,0,0,0,0,0,0,0,0,0,0,0,0
Q1012392,Middlebury,1,0,0,0,0,0,0,0,0,0,0,0,0,0,0,0,0
Q1012397,Woodstock,1,0,0,0,0,0,0,0,0,0,0,0,0,0,0,0,0
Q1012481,Whitehaven,1,0,0,0,0,0,0,0,0,0,0,0,0,0,0,0,0
Q101254,Newport,1,0,0,0,0,0,0,0,0,0,0,0,0,0,0,0,0
Q1013,Lesotho,1,0,0,0,0,0,0,0,0,0,0,0,0,0,0,0,0
Q10132,Rafael Nadal,0,0,0,0,0,0,0,0,0,0,0,0,0,0,0,0,0
Q1013254,Tenafly,1,0,0,0,0,0,0,0,0,0,0,0,0,0,0,0,0
Q101333,mechanical engineering,0,0,0,0,0,0,0,0,0,0,0,0,0,0,0,0,0
Q101341,Lillehammer Municipality,1,0,0,0,0,0,0,0,0,0,0,0,0,0,0,0,0
Q10135,LibreOffice,0,0,0,0,0,0,0,0,0,0,0,0,0,0,0,0,0
Q101384,Henry I of England,0,0,0,0,0,0,0,0,0,0,0,0,0,0,0,0,0
Q1013909,Slaný,1,0,0,0,0,0,0,0,0,0,0,0,0,0,0,0,0
Q101393,Ernst Behmer,0,0,0,0,0,0,0,0,0,0,0,0,0,0,0,0,0
Q1014,Liberia,1,0,0,0,0,0,0,0,0,0,0,0,0,0,0,0,0
Q101401,bell,0,0,0,0,0,0,0,0,0,0,0,0,0,0,0,0,0
Q1014071,Hammond,1,0,0,0,0,0,0,0,0,0,0,0,0,0,0,0,0
Q10146,Eurovision Song Contest 2002,0,0,0,0,0,0,0,0,0,0,0,0,0,0,0,0,0
Q10148,Eurovision Song Contest 2003,0,0,0,0,0,0,0,0,0,0,0,0,0,0,0,0,0
Q1015,Koper,1,0,0,0,0,0,0,0,0,0,0,0,0,0,0,0,0
Q10150,Eurovision Song Contest 2004,0,0,0,0,0,0,0,0,0,0,0,0,0,0,0,0,0
Q10151,Eurovision Song Contest 2005,0,0,0,0,0,0,0,0,0,0,0,0,0,0,0,0,0
Q10152,Eurovision Song Contest 2006,0,0,0,0,0,0,0,0,0,0,0,0,0,0,0,0,0
Q10153,Eurovision Song Contest 2007,0,0,0,0,0,0,0,0,0,0,0,0,0,0,0,0,0
Q101538,Trifolium,0,0,0,0,0,0,0,0,0,0,0,0,0,0,0,0,0
Q10155,Eurovision Song Contest 2008,0,0,0,0,0,0,0,0,0,0,0,0,0,0,0,0,0
Q1015681,Lower Hutt,1,0,0,0,0,0,0,0,0,0,0,0,0,0,0,0,0
Q10157,Eurovision Song Contest 2009,0,0,0,0,0,0,0,0,0,0,0,0,0,0,0,0,0
Q101575,Poznań County,1,0,0,0,0,0,0,0,0,0,0,0,0,0,0,0,0
Q10158,Eurovision Song Contest 2010,0,0,0,0,0,0,0,0,0,0,0,0,0,0,0,0,0
Q101583,Thebes,1,0,0,0,0,0,0,0,0,0,0,0,0,0,0,0,0
Q1016,Libya,1,0,0,0,0,0,0,0,0,0,0,0,0,0,0,0,0
Q10160,Eurovision Song Contest 2011,0,0,0,0,0,0,0,0,0,0,0,0,0,0,0,0,0
Q101607,Herbert Hübner,0,0,0,0,0,0,0,0,0,0,0,0,0,0,0,0,0
Q10161,Eurovision Song Contest 2012,0,0,0,0,0,0,0,0,0,0,0,0,0,0,0,0,0
Q1016139,Lebanon,1,0,0,0,0,0,0,0,0,0,0,0,0,0,0,0,0
Q1016159,Williamsport,1,0,0,0,0,0,0,0,0,0,0,0,0,0,0,0,0
Q10162,Eurovision Song Contest 2013,0,0,0,0,0,0,0,0,0,0,0,0,0,0,0,0,0
Q101625,Marrakesh,1,0,0,0,0,0,0,0,0,0,0,0,0,0,0,0,0
Q1016369,Burke & Hare,0,0,0,0,0,0,0,0,0,0,0,0,0,0,0,0,0
Q101685,Treviglio,1,0,0,0,0,0,0,0,0,0,0,0,0,0,0,0,0
Q1017,Aachen,1,0,0,0,0,0,0,0,0,0,0,0,0,0,0,0,0
Q101717,Margarete Kupfer,0,0,0,0,0,0,0,0,0,0,0,0,0,0,0,0,0
Q1017260,La Tronche,1,0,0,0,0,0,0,0,0,0,0,0,0,0,0,0,0
Q101730,1998 FIFA World Cup,0,0,0,0,0,0,0,0,0,0,0,0,0,0,0,0,0
Q101740,Benoit Mandelbrot,0,0,0,0,0,0,0,0,0,0,0,0,0,0,0,0,0
Q101751,1994 FIFA World Cup,0,0,0,0,0,0,0,0,0,0,0,0,0,0,0,0,0
Q1017948,Butler,1,0,0,0,0,0,0,0,0,0,0,0,0,0,0,0,0
Q101797,Winona Ryder,0,0,0,0,0,0,0,0,0,0,0,0,0,0,0,0,0
Q1018,Nova Gorica,1,0,0,0,0,0,0,0,0,0,0,0,0,0,0,0,0
Q1018418,Reigate,1,0,0,0,0,0,0,0,0,0,0,0,0,0,0,0,0
Q1018448,Washington,1,0,0,0,0,0,0,0,0,0,0,0,0,0,0,0,0
Q1018467,Elizabeth City,1,0,0,0,0,0,0,0,0,0,0,0,0,0,0,0,0
Q1018481,Bye Bye Love,0,0,0,0,0,0,0,0,0,0,0,0,0,0,0,0,0
Q1018487,Bye Bye Birdie,0,0,0,0,0,0,0,0,0,0,0,0,0,0,0,0,0
Q101849,Calvinism,0,0,0,0,0,0,0,0,0,0,0,0,0,0,0,0,0
Q101861,Bobby E. Lüthge,0,0,0,0,0,0,0,0,0,0,0,0,0,0,0,0,0
Q1018614,Byron Haskin,0,0,0,0,0,0,0,0,0,0,0,0,0,0,0,0,0
Q1019,Madagascar,1,0,0,0,0,0,0,0,0,0,0,0,0,0,0,0,0
Q101912,Willi Schur,0,0,0,0,0,0,0,0,0,0,0,0,0,0,0,0,0
Q101918,Apeldoorn,1,0,0,0,0,0,0,0,0,0,0,0,0,0,0,0,0
Q1019203,Order of Lāčplēsis,0,0,0,0,0,0,0,0,0,0,0,0,0,0,0,0,0
Q101929,immunology,0,0,0,0,0,1,0,0,0,1,0,0,0,0,0,0,0
Q1019345,Bærum SK,0,0,0,0,0,0,0,0,0,0,0,0,0,0,0,0,0
Q101959,Borussia Mönchengladbach,0,0,0,0,0,0,0,0,0,0,0,0,0,0,0,0,0
Q101965,experiment,0,0,0,0,0,0,0,0,0,0,0,0,0,0,0,0,0
Q1019805,Oneonta,1,0,0,0,0,0,0,0,0,0,0,0,0,0,0,0,0
Q101991,inflammation,0,0,0,0,0,0,0,0,0,0,0,0,0,0,0,0,0
Q1020,Malawi,1,0,0,0,0,0,0,0,0,0,0,0,0,0,0,0,0
Q10201,Pragelato,1,0,0,0,0,0,0,0,0,0,0,0,0,0,0,0,0
Q102027,Fabio Cannavaro,0,0,0,0,0,0,0,0,0,0,0,0,0,0,0,0,0
Q1020603,Stage Door,0,0,0,0,0,0,0,0,0,0,0,0,0,0,0,0,0
Q1021,Kranj,1,0,0,0,0,0,0,0,0,0,0,0,0,0,0,0,0
Q1021026,Rocky Mount,1,0,0,0,0,0,0,0,0,0,0,0,0,0,0,0,0
Q1021164,Pontypool,1,0,0,0,0,0,0,0,0,0,0,0,0,0,0,0,0
Q102124,Sigourney Weaver,0,0,0,0,0,0,0,0,0,0,0,0,0,0,0,0,0
Q102139,Margrethe II of Denmark,0,0,0,0,0,0,0,0,0,0,0,0,0,0,0,0,0
Q1021395,Peterborough,1,0,0,0,0,0,0,0,0,0,0,0,0,0,0,0,0
Q102140,Henry II of England,0,0,0,0,0,0,0,0,0,0,0,0,0,0,0,0,0
Q102158,Narva,1,0,0,0,0,0,0,0,0,0,0,0,0,0,0,0,0
Q1022,Stuttgart,1,0,0,0,0,0,0,0,0,0,0,0,0,0,0,0,0
Q1022046,Evening Mood,0,0,0,0,0,0,0,0,0,0,0,0,0,0,0,0,0
Q102217,Vitebsk,1,0,0,0,0,0,0,0,0,0,0,0,0,0,0,0,0
Q102225,Harry Potter and the Goblet of Fire,0,0,0,0,0,0,0,0,0,0,0,0,0,0,0,0,0
Q102235,Harry Potter and the Order of the Phoenix,0,0,0,0,0,0,0,0,0,0,0,0,0,0,0,0,0
Q102244,Harry Potter and the Chamber of Secrets,0,0,0,0,0,0,0,0,0,0,0,0,0,0,0,0,0
Q10225,Indian National Congress,0,0,0,0,0,0,0,0,0,0,0,0,0,0,0,0,0
Q102272,Jan van Eyck,0,0,0,0,0,0,0,0,0,0,0,0,0,0,0,0,0
Q102289,Buckminster Fuller,0,0,0,0,0,0,0,0,0,0,0,0,0,0,0,0,0
Q1022919,Clube Atlético Hermann Aichinger,0,0,0,0,0,0,0,0,0,0,0,0,0,0,0,0,0
Q1022928,Yuexiu District,1,0,0,0,0,0,0,0,0,0,0,0,0,0,0,0,0
Q1022939,Talleres de Córdoba,0,0,0,0,0,0,0,0,0,0,0,0,0,0,0,0,0
Q1022955,CBC Television,0,0,0,0,0,0,0,0,0,0,0,0,0,0,0,0,0
Q10231,Rivoli,1,0,0,0,0,0,0,0,0,0,0,0,0,0,0,0,0
Q1023103,Philips CD-i,0,0,0,0,0,0,0,0,0,0,0,0,0,0,0,0,0
Q102317,Kielce,1,0,0,0,0,0,0,0,0,0,0,0,0,0,0,0,0
Q1023185,Tecos F.C.,0,0,0,0,0,0,0,0,0,0,0,0,0,0,0,0,0
Q102341,Farrah Fawcett,0,0,0,0,0,0,0,0,0,0,0,0,0,0,0,0,0
Q1023499,Hudson,1,0,0,0,0,0,0,0,0,0,0,0,0,0,0,0,0
Q102350,Bytom,1,0,0,0,0,0,0,0,0,0,0,0,0,0,0,0,0
Q1023532,Atlas F.C.,0,0,0,0,0,0,0,0,0,0,0,0,0,0,0,0,0
Q102356,brigade,0,0,0,0,0,0,0,0,0,0,0,0,0,0,0,0,0
Q102365,Pärnu,1,0,0,0,0,0,0,0,0,0,0,0,0,0,0,0,0
Q1023712,San Fernando,1,0,0,0,0,0,0,0,0,0,0,0,0,0,0,0,0
Q102397,Miskolc,1,0,0,0,0,0,0,0,0,0,0,0,0,0,0,0,0
Q102419,Derek Barton,0,0,0,0,0,0,0,0,0,0,0,0,0,0,0,0,0
Q1024264,Clube de Regatas Brasil,0,0,0,0,0,0,0,0,0,0,0,0,0,0,0,0,0
Q102427,Academy Award for Best Picture,0,0,0,0,0,0,0,0,0,0,0,0,0,0,0,0,0
Q1024338,Defensa y Justicia,0,0,0,0,0,0,0,0,0,0,0,0,0,0,0,0,0
Q1024362,Spanish National Research Council,0,0,0,0,0,0,0,0,0,0,0,0,0,0,0,0,0
Q102438,Harry Potter and the Philosopher's Stone,0,0,0,0,0,0,0,0,0,0,0,0,0,0,0,0,0
Q102448,Harry Potter and the Prisoner of Azkaban,0,0,0,0,0,0,0,0,0,0,0,0,0,0,0,0,0
Q102454,Paul Samuelson,0,0,0,0,0,0,0,0,0,0,0,0,0,0,0,0,0
Q102462,James Stewart,0,0,0,0,0,0,0,0,0,0,0,0,0,0,0,0,0
Q1024694,Nightbreed,0,0,0,0,0,0,0,0,0,0,0,0,0,0,0,0,0
Q1024839,Cabin in the Sky,0,0,0,0,0,0,0,0,0,0,0,0,0,0,0,0,0
Q1025,Mauritania,1,0,0,0,0,0,0,0,0,0,0,0,0,0,0,0,0
Q1025096,Caddyshack II,0,0,0,0,0,0,0,0,0,0,0,0,0,0,0,0,0
Q1025198,Cadillac Man,0,0,0,0,0,0,0,0,0,0,0,0,0,0,0,0,0
Q1025444,Liuyang,1,0,0,0,0,0,0,0,0,0,0,0,0,0,0,0,0
Q102551,Ernest Borgnine,0,0,0,0,0,0,0,0,0,0,0,0,0,0,0,0,0
Q1025962,Cairns Region,1,0,0,0,0,0,0,0,0,0,0,0,0,0,0,0,0
Q1026,Poles,0,0,0,0,0,0,0,0,0,0,0,0,0,0,0,0,0
Q1026417,Caldecott Medal,0,0,0,0,0,0,0,0,0,0,0,0,0,0,0,0,0
Q102642,Diane Keaton,0,0,0,0,0,0,0,0,0,0,0,0,0,0,0,0,0
Q1026470,Beverly Hills Chihuahua 3: Viva la Fiesta!,0,0,0,0,0,0,0,0,0,0,0,0,0,0,0,0,0
Q102661,Pescia,1,0,0,0,0,0,0,0,0,0,0,0,0,0,0,0,0
Q1026696,Da Vinci's Demons,0,0,0,0,0,0,0,0,0,0,0,0,0,0,0,0,0
Q1026724,The Man from the Alamo,0,0,0,0,0,0,0,0,0,0,0,0,0,0,0,0,0
Q102673,Gazprom,0,0,0,0,0,0,0,0,0,0,0,0,0,0,0,0,0
Q1026730,Inuyasha the Movie: The Castle Beyond the Looking Glass,0,0,0,0,0,0,0,0,0,0,0,0,0,0,0,0,0
Q1026732,Fade to Black,0,0,0,0,0,0,0,0,0,0,0,0,0,0,0,0,0
Q1026756,Beverly Hills Chihuahua 2,0,0,0,0,0,0,0,0,0,0,0,0,0,0,0,0,0
Q1026827,California Institute of the Arts,0,0,0,0,0,0,0,0,0,0,0,0,0,0,0,0,0
Q1026872,The Paperboy,0,0,0,0,0,0,0,0,0,0,0,0,0,0,0,0,0
Q1026919,"California State University, Fresno",0,0,0,0,0,0,0,0,0,0,0,0,0,0,0,0,0
Q1026926,"California State University, Long Beach",0,0,0,0,0,0,0,0,0,0,0,0,0,0,0,0,0
Q1026932,"California State University, Los Angeles",0,0,0,0,0,0,0,0,0,0,0,0,0,0,0,0,0
Q1026939,"California State University, Northridge",0,0,0,0,0,0,0,0,0,0,0,0,0,0,0,0,0
Q1026941,"California State University, Sacramento",0,0,0,0,0,0,0,0,0,0,0,0,0,0,0,0,0
Q1026997,The 25th Hour,0,0,0,0,0,0,0,0,0,0,0,0,0,0,0,0,0
Q1027,Mauritius,1,0,0,0,0,0,0,0,0,0,0,0,0,0,0,0,0
Q102711,Dennis Hopper,0,0,0,0,0,0,0,0,0,0,0,0,0,0,0,0,0
Q1027200,Calle 13,0,0,0,0,0,0,0,0,0,0,0,0,0,0,0,0,0
Q1027212,Revolution,0,0,0,0,0,0,0,0,0,0,0,0,0,0,0,0,0
Q1027247,An Ideal Husband,0,0,0,0,0,0,0,0,0,0,0,0,0,0,0,0,0
Q102734,Red Army Faction,0,0,0,0,0,0,0,0,0,0,0,0,0,0,0,0,0
Q102754,Dr. No,0,0,0,0,0,0,0,0,0,0,0,0,0,0,0,0,0
Q1027800,Pottsville,1,0,0,0,0,0,0,0,0,0,0,0,0,0,0,0,0
Q1027830,Gotland,1,0,0,0,0,0,0,0,0,0,0,0,0,0,0,0,0
Q1027834,The Cave,0,0,0,0,0,0,0,0,0,0,0,0,0,0,0,0,0
Q1027879,graphics,0,0,0,0,0,0,0,0,0,0,0,0,0,0,0,0,0
Q1027904,Grammy Award for Song of the Year,0,0,0,0,0,0,0,0,0,0,0,0,0,0,0,0,0
Q1027922,Grand Prix de l'Imaginaire,0,0,0,0,0,0,0,0,0,0,0,0,0,0,0,0,0
Q1028,Morocco,1,0,0,0,0,0,0,0,0,0,0,0,0,0,0,0,0
Q102813,Yul Brynner,0,0,0,0,0,0,0,0,0,0,0,0,0,0,0,0,0
Q10282,Pamplona,1,0,0,0,0,0,0,0,0,0,0,0,0,0,0,0,0
Q102822,Jacobus Henricus van 't Hoff,0,0,0,0,0,0,0,0,0,0,0,0,0,0,0,0,0
Q1029,Mozambique,1,0,0,0,0,0,0,0,0,0,0,0,0,0,0,0,0
Q1029050,Duque de Caxias Futebol Clube,0,0,0,0,0,0,0,0,0,0,0,0,0,0,0,0,0
Q1029135,Nettwerk,0,0,0,0,0,0,0,0,0,0,0,0,0,0,0,0,0
Q1029155,Camille Claudel,0,0,0,0,0,0,0,0,0,0,0,0,0,0,0,0,0
Q102920,UEFA Euro 2004,0,0,0,0,0,0,0,0,0,0,0,0,0,0,0,0,0
Q1029212,Bernie,0,0,0,0,0,0,0,0,0,0,0,0,0,0,0,0,0
Q102932,avant-garde,0,0,0,0,0,0,0,0,0,0,0,0,0,0,0,0,0
Q10293704,Hanna-Barbera's 50th: A Yabba Dabba Doo Celebration,0,0,0,0,0,0,0,0,0,0,0,0,0,0,0,0,0
Q1029548,Chak De! India,0,0,0,0,0,0,0,0,0,0,0,0,0,0,0,0,0
Q10298666,How to Train Your Dragon 2,0,0,0,0,0,0,0,0,0,0,0,0,0,0,0,0,0
Q1030,Namibia,1,0,0,0,0,0,0,0,0,0,0,0,0,0,0,0,0
Q1030228,Ludvig Faddeev,0,0,0,0,0,0,0,0,0,0,0,0,0,0,0,0,0
Q10303410,Ioannis,0,0,0,0,0,0,0,0,0,0,0,0,0,0,0,0,0
Q1030402,John W. Campbell Memorial Award for Best Science Fiction Novel,0,0,0,0,0,0,0,0,0,0,0,0,0,0,0,0,0
Q1030465,John Russell,0,0,0,0,0,0,0,0,0,0,0,0,0,0,0,0,0
Q10305,Zaragoza,1,0,0,0,0,0,0,0,0,0,0,0,0,0,0,0,0
Q1030652,Ricochet,0,0,0,0,0,0,0,0,0,0,0,0,0,0,0,0,0
Q1030713,Another World,0,0,0,0,0,0,0,0,0,0,0,0,0,0,0,0,0
Q1030726,Győr District,1,0,0,0,0,0,0,0,0,0,0,0,0,0,0,0,0
Q10307713,The Hunger Games: Mockingjay – Part 2,0,0,0,0,0,0,0,0,0,0,0,0,0,0,0,0,0
Q10307893,John Shiban,0,0,0,0,0,0,0,0,0,0,0,0,0,0,0,0,0
Q10308,Real Zaragoza,0,0,0,0,0,0,0,0,0,0,0,0,0,0,0,0,0
Q103093,Västra Götaland County,1,0,0,0,0,0,0,0,0,0,0,0,0,0,0,0,0
Q1030972,Sunset Beach,0,0,0,0,0,0,0,0,0,0,0,0,0,0,0,0,0
Q103114,Michel Houellebecq,0,0,0,0,0,0,0,0,0,0,0,0,0,0,0,0,0
Q1031262,Hellraiser: Bloodline,0,0,0,0,0,0,0,0,0,0,0,0,0,0,0,0,0
Q10313,San Sebastián,1,0,0,0,0,0,0,0,0,0,0,0,0,0,0,0,0
Q10315,Real Sociedad,0,0,0,0,0,0,0,0,0,0,0,0,0,0,0,0,0
Q1031504,2013 UCI World Tour,0,0,0,0,0,0,0,0,0,0,0,0,0,0,0,0,0
Q103157,Kurt Russell,0,0,0,0,0,0,0,0,0,0,0,0,0,0,0,0,0
Q1031683,Candide ou l'optimisme au XXe siècle,0,0,0,0,0,0,0,0,0,0,0,0,0,0,0,0,0
Q1031821,Can-Can,0,0,0,0,0,0,0,0,0,0,0,0,0,0,0,0,0
Q1031994,Canada Gairdner International Award,0,0,0,0,0,0,0,0,0,0,0,0,0,0,0,0,0
Q1032,Niger,1,0,0,0,0,0,0,0,0,0,0,0,0,0,0,0,0
Q103217,Częstochowa,1,0,0,0,0,0,0,0,0,0,0,0,0,0,0,0,0
Q103219,Pontedera,1,0,0,0,0,0,0,0,0,0,0,0,0,0,0,0,0
Q103244,San Miniato,1,0,0,0,0,0,0,0,0,0,0,0,0,0,0,0,0
Q1032473,El trece,0,0,0,0,0,0,0,0,0,0,0,0,0,0,0,0,0
Q1032540,Canal+,0,0,0,0,0,0,0,0,0,0,0,0,0,0,0,0,0
Q1032779,Canaris,0,0,0,0,0,0,0,0,0,0,0,0,0,0,0,0,0
Q10328192,Meet Wally Sparks,0,0,0,0,0,0,0,0,0,0,0,0,0,0,0,0,0
Q1032889,Free Willy 3: The Rescue,0,0,0,0,0,0,0,0,0,0,0,0,0,0,0,0,0
Q1033,Nigeria,1,0,0,0,0,0,0,0,0,0,0,0,0,0,0,0,0
Q1033016,Halle Berry,0,0,0,0,0,0,0,0,0,0,0,0,0,0,0,0,0
Q103305,Volterra,1,0,0,0,0,0,0,0,0,0,0,0,0,0,0,0,0
Q1033108,Candyman,0,0,0,0,0,0,0,0,0,0,0,0,0,0,0,0,0
Q1033191,Death Race,0,0,0,0,0,0,0,0,0,0,0,0,0,0,0,0,0
Q10333,Valencia CF,0,0,0,0,0,0,0,0,0,0,0,0,0,0,0,0,0
Q1033304,Hum Tum,0,0,0,0,0,0,0,0,0,0,0,0,0,0,0,0,0
Q10334090,My Favorite Blonde,0,0,0,0,0,0,0,0,0,0,0,0,0,0,0,0,0
Q103343,Jennifer Connelly,0,0,0,0,0,0,0,0,0,0,0,0,0,0,0,0,0
Q1033465,The Cannon Group,0,0,0,0,0,0,0,0,0,0,0,0,0,0,0,0,0
Q1033497,Speed Zone!,0,0,0,0,0,0,0,0,0,0,0,0,0,0,0,0,0
Q103360,Academy Award for Best Director,0,0,0,0,0,0,0,0,0,0,0,0,0,0,0,0,0
Q1033656,Hans Alfredson,0,0,0,0,0,0,0,0,0,0,0,0,0,0,0,0,0
Q1033692,Santa Monica College,0,0,0,0,0,0,0,0,0,0,0,0,0,0,0,0,0
Q1033891,martial arts film,0,0,0,0,0,0,0,0,0,0,0,0,0,0,0,0,0
Q1034060,Can't Buy Me Love,0,0,0,0,0,0,0,0,0,0,0,0,0,0,0,0,0
Q1034556,Hawthorn Football Club,0,0,0,0,0,0,0,0,0,0,0,0,0,0,0,0,0
Q103474,2001: A Space Odyssey,0,0,0,0,0,0,0,0,0,0,0,0,0,0,0,0,0
Q1034978,The People That Time Forgot,0,0,0,0,0,0,0,0,0,0,0,0,0,0,0,0,0
Q1035,Charles Darwin,0,0,0,0,0,0,0,0,0,0,0,0,0,0,0,0,0
Q10350033,Pirates of the Caribbean: Dead Men Tell No Tales,0,0,0,0,0,0,0,0,0,0,0,0,0,0,0,0,0
Q1035067,Heisman Trophy,0,0,0,0,0,0,0,0,0,0,0,0,0,0,0,0,0
Q1035093,Captain America,0,0,0,0,0,0,0,0,0,0,0,0,0,0,0,0,0
Q1035124,"Captain Newman, M.D.",0,0,0,0,0,0,0,0,0,0,0,0,0,0,0,0,0
Q10354103,probucol,0,0,0,0,0,0,0,0,0,0,0,0,0,0,0,0,0
Q1035443,Caravaggio,0,0,0,0,0,0,0,0,0,0,0,0,0,0,0,0,0
Q10354962,Harold Pender Award,0,0,0,0,0,0,0,0,0,0,0,0,0,0,0,0,0
Q103550,The Velvet Underground,0,0,0,0,0,0,0,0,0,0,0,0,0,0,0,0,0
Q103569,Alien,0,0,0,0,0,0,0,0,0,0,0,0,0,0,0,0,0
Q1035745,Cardiff University,0,0,0,0,0,0,0,0,0,0,0,0,0,0,0,0,0
Q1035752,Shire of Cardinia,1,0,0,0,0,0,0,0,0,0,0,0,0,0,0,0,0
Q1035958,Carey Wilson,0,0,0,0,0,0,0,0,0,0,0,0,0,0,0,0,0
Q1036,Uganda,1,0,0,0,0,0,0,0,0,0,0,0,0,0,0,0,0
Q1036131,Dan Snaith,0,0,0,0,0,0,0,0,0,0,0,0,0,0,0,0,0
Q103618,Academy Award for Best Actress,0,0,0,0,0,0,0,0,0,0,0,0,0,0,0,0,0
Q103643,Walter Steinbeck,0,0,0,0,0,0,0,0,0,0,0,0,0,0,0,0,0
Q103646,Ron Howard,0,0,0,0,0,0,0,0,0,0,0,0,0,0,0,0,0
Q103659,Skåne County,1,0,0,0,0,0,0,0,0,0,0,0,0,0,0,0,0
Q103672,Jönköping County,1,0,0,0,0,0,0,0,0,0,0,0,0,0,0,0,0
Q103691,Halland County,1,0,0,0,0,0,0,0,0,0,0,0,0,0,0,0,0
Q1037,Rwanda,1,0,0,0,0,0,0,0,0,0,0,0,0,0,0,0,0
Q103717,Rovaniemi,1,0,0,0,0,0,0,0,0,0,0,0,0,0,0,0,0
Q103725,Hafnarfjörður,1,0,0,0,0,0,0,0,0,0,0,0,0,0,0,0,0
Q103732,Dalarna County,1,0,0,0,0,0,0,0,0,0,0,0,0,0,0,0,0
Q1037371,How to Succeed in Business Without Really Trying,0,0,0,0,0,0,0,0,0,0,0,0,0,0,0,0,0
Q103774,Ravi Shankar,0,0,0,0,0,0,0,0,0,0,0,0,0,0,0,0,0
Q103784,Donald Sutherland,0,0,0,0,0,0,0,0,0,0,0,0,0,0,0,0,0
Q103788,Mervyn LeRoy,0,0,0,0,0,0,0,0,0,0,0,0,0,0,0,0,0
Q10379,cardiology,0,0,0,0,0,1,0,0,0,1,0,0,0,0,0,0,0
Q103801,East Prussia,1,0,0,0,0,0,0,0,0,0,0,0,0,0,0,0,0
Q10381565,The Lone Ranger,0,0,0,0,0,0,0,0,0,0,0,0,0,0,0,0,0
Q103835,Peter Debye,0,0,0,0,0,0,0,0,0,0,0,0,0,0,0,0,0
Q10384115,Transcendence,0,0,0,0,0,0,0,0,0,0,0,0,0,0,0,0,0
Q103846,Groucho Marx,0,0,0,0,0,0,0,0,0,0,0,0,0,0,0,0,0
Q1038705,Claudio Amendola,0,0,0,0,0,0,0,0,0,0,0,0,0,0,0,0,0
Q1038714,Japan National Route 6,0,0,0,0,0,0,0,0,0,0,0,0,0,0,0,0,0
Q103876,Peter O'Toole,0,0,0,0,0,0,0,0,0,0,0,0,0,0,0,0,0
Q10389,Bandung,1,0,0,0,0,0,0,0,0,0,0,0,0,0,0,0,0
Q103892,Zabrze,1,0,0,0,0,0,0,0,0,0,0,0,0,0,0,0,0
Q103894,Alec Guinness,0,0,0,0,0,0,0,0,0,0,0,0,0,0,0,0,0
Q1039,São Tomé and Príncipe,1,0,0,0,0,0,0,0,0,0,0,0,0,0,0,0,0
Q10390,John McCain,0,0,0,0,0,0,0,0,0,0,0,0,0,0,0,0,0
Q103916,Academy Award for Best Actor,0,0,0,0,0,0,0,0,0,0,0,0,0,0,0,0,0
Q103917,Steven Soderbergh,0,0,0,0,0,0,0,0,0,0,0,0,0,0,0,0,0
Q10393,Bogor,1,0,0,0,0,0,0,0,0,0,0,0,0,0,0,0,0
Q1039367,Carl Laemmle Jr.,0,0,0,0,0,0,0,0,0,0,0,0,0,0,0,0,0
Q103939,Charlie Sheen,0,0,0,0,0,0,0,0,0,0,0,0,0,0,0,0,0
Q103946,Kiefer Sutherland,0,0,0,0,0,0,0,0,0,0,0,0,0,0,0,0,0
Q103949,Buster Keaton,0,0,0,0,0,0,0,0,0,0,0,0,0,0,0,0,0
Q103986,Gerhard Dammann,0,0,0,0,0,0,0,0,0,0,0,0,0,0,0,0,0
Q1039891,Galeazzo Benti,0,0,0,0,0,0,0,0,0,0,0,0,0,0,0,0,0
Q103999,Chiari,1,0,0,0,0,0,0,0,0,0,0,0,0,0,0,0,0
Q1040,Karlsruhe,1,0,0,0,0,0,0,0,0,0,0,0,0,0,0,0,0
Q10400,Almería,1,0,0,0,0,0,0,0,0,0,0,0,0,0,0,0,0
Q104000,Lauren Bacall,0,0,0,0,0,0,0,0,0,0,0,0,0,0,0,0,0
Q1040028,The Singing Detective,0,0,0,0,0,0,0,0,0,0,0,0,0,0,0,0,0
Q10402,Oberallgäu,1,0,0,0,0,0,0,0,0,0,0,0,0,0,0,0,0
Q104027,Kirk Douglas,0,0,0,0,0,0,0,0,0,0,0,0,0,0,0,0,0
Q104036,Ventspils,1,0,0,0,0,0,0,0,0,0,0,0,0,0,0,0,0
Q104049,Sidney Poitier,0,0,0,0,0,0,0,0,0,0,0,0,0,0,0,0,0
Q10405,Ostallgäu,1,0,0,0,0,0,0,0,0,0,0,0,0,0,0,0,0
Q10406,Corona Borealis,0,0,0,0,0,0,0,0,0,0,0,0,0,0,0,0,0
Q104061,Steve Buscemi,0,0,0,0,0,0,0,0,0,0,0,0,0,0,0,0,0
Q104067,Eli Wallach,0,0,0,0,0,0,0,0,0,0,0,0,0,0,0,0,0
Q10407,Unión Deportiva Almería,0,0,0,0,0,0,0,0,0,0,0,0,0,0,0,0,0
Q1040783,Carl Switzer,0,0,0,0,0,0,0,0,0,0,0,0,0,0,0,0,0
Q1040798,Rossano Brazzi,0,0,0,0,0,0,0,0,0,0,0,0,0,0,0,0,0
Q10408,Unterallgäu,1,0,0,0,0,0,0,0,0,0,0,0,0,0,0,0,0
Q104081,Mickey Rooney,0,0,0,0,0,0,0,0,0,0,0,0,0,0,0,0,0
Q1040908,Mario Brega,0,0,0,0,0,0,0,0,0,0,0,0,0,0,0,0,0
Q104095,Molde Municipality,1,0,0,0,0,0,0,0,0,0,0,0,0,0,0,0,0
Q1041,Senegal,1,0,0,0,0,0,0,0,0,0,0,0,0,0,0,0,0
Q104104,Andre Geim,0,0,0,0,0,0,0,0,0,0,0,0,0,0,0,0,0
Q104109,Mary Pickford,0,0,0,0,0,0,0,0,0,0,0,0,0,0,0,0,0
Q10412,Günzburg,1,0,0,0,0,0,0,0,0,0,0,0,0,0,0,0,0
Q1041211,Flavio Bucci,0,0,0,0,0,0,0,0,0,0,0,0,0,0,0,0,0
Q104123,Pulp Fiction,0,0,0,0,0,0,0,0,0,0,0,0,0,0,0,0,0
Q104127,Douglas Fairbanks,0,0,0,0,0,0,0,0,0,0,0,0,0,0,0,0,0
Q104137,Unforgiven,0,0,0,0,0,0,0,0,0,0,0,0,0,0,0,0,0
Q10414,Augsburg,1,0,0,0,0,0,0,0,0,0,0,0,0,0,0,0,0
Q104146,Deborah Kerr,0,0,0,0,0,0,0,0,0,0,0,0,0,0,0,0,0
Q10415,Aichach-Friedberg,1,0,0,0,0,0,0,0,0,0,0,0,0,0,0,0,0
Q1041527,Lando Buzzanca,0,0,0,0,0,0,0,0,0,0,0,0,0,0,0,0,0
Q1041634,Giuliana Calandra,0,0,0,0,0,0,0,0,0,0,0,0,0,0,0,0,0
Q1041671,Carleton College,0,0,0,0,0,0,0,0,0,0,0,0,0,0,0,0,0
Q1041689,All or Nothing,0,0,0,0,0,0,0,0,0,0,0,0,0,0,0,0,0
Q10417,Dillingen,1,0,0,0,0,0,0,0,0,0,0,0,0,0,0,0,0
Q10418,Donau-Ries,1,0,0,0,0,0,0,0,0,0,0,0,0,0,0,0,0
Q104183,Lillian Gish,0,0,0,0,0,0,0,0,0,0,0,0,0,0,0,0,0
Q10419,Tirschenreuth,1,0,0,0,0,0,0,0,0,0,0,0,0,0,0,0,0
Q104192,Kleinmachnow,1,0,0,0,0,0,0,0,0,0,0,0,0,0,0,0,0
Q1042,Seychelles,1,0,0,0,0,0,0,0,0,0,0,0,0,0,0,0,0
Q10420,Neustadt an der Waldnaab,1,0,0,0,0,0,0,0,0,0,0,0,0,0,0,0,0
Q10421,Amberg-Sulzbach,1,0,0,0,0,0,0,0,0,0,0,0,0,0,0,0,0
Q1042105,Carlo Duse,0,0,0,0,0,0,0,0,0,0,0,0,0,0,0,0,0
Q10423,Schwandorf,1,0,0,0,0,0,0,0,0,0,0,0,0,0,0,0,0
Q104231,Stockholm County,1,0,0,0,0,0,0,0,0,0,0,0,0,0,0,0,0
Q10424,Cham,1,0,0,0,0,0,0,0,0,0,0,0,0,0,0,0,0
Q1042465,Carlo Rustichelli,0,0,0,0,0,0,0,0,0,0,0,0,0,0,0,0,0
Q1042623,Roberto Citran,0,0,0,0,0,0,0,0,0,0,0,0,0,0,0,0,0
Q104266,Mel Brooks,0,0,0,0,0,0,0,0,0,0,0,0,0,0,0,0,0
Q104285,Occitania,1,0,0,0,0,0,0,0,0,0,0,0,0,0,0,0,0
Q10429,Regensburg,1,0,0,0,0,0,0,0,0,0,0,0,0,0,0,0,0
Q104302,Chorzów,1,0,0,0,0,0,0,0,0,0,0,0,0,0,0,0,0
Q1043096,liberal conservatism,0,0,0,0,0,0,0,0,0,0,0,0,0,0,0,0,0
Q10431,Hof,1,0,0,0,0,0,0,0,0,0,0,0,0,0,0,0,0
Q104326,Jean-Michel Jarre,0,0,0,0,0,0,0,0,0,0,0,0,0,0,0,0,0
Q1043283,National Zoological Park,1,0,0,0,0,0,0,0,0,0,0,0,0,0,0,0,0
Q104340,Harold Lloyd,0,0,0,0,0,0,0,0,0,0,0,0,0,0,0,0,0
Q1043527,Multilateral Investment Guarantee Agency,0,0,0,0,0,0,0,0,0,0,0,0,0,0,0,0,0
Q104358,Billie Holiday,0,0,0,0,0,0,0,0,0,0,0,0,0,0,0,0,0
Q10436,Kulmbach,1,0,0,0,0,0,0,0,0,0,0,0,0,0,0,0,0
Q10436033,Bromma city district,1,0,0,0,0,0,0,0,0,0,0,0,0,0,0,0,0
Q1043614,Taare Zameen Par,0,0,0,0,0,0,0,0,0,0,0,0,0,0,0,0,0
Q1043659,Carmen Jones,0,0,0,0,0,0,0,0,0,0,0,0,0,0,0,0,0
Q104372,Doris Day,0,0,0,0,0,0,0,0,0,0,0,0,0,0,0,0,0
Q10439,Bayreuth,1,0,0,0,0,0,0,0,0,0,0,0,0,0,0,0,0
Q1043985,Carnegie Medal,0,0,0,0,0,0,0,0,0,0,0,0,0,0,0,0,0
Q1044,Sierra Leone,1,0,0,0,0,0,0,0,0,0,0,0,0,0,0,0,0
Q104400,Hamar Municipality,1,0,0,0,0,0,0,0,0,0,0,0,0,0,0,0,0
Q1044025,Tina Lattanzi,0,0,0,0,0,0,0,0,0,0,0,0,0,0,0,0,0
Q1044291,Carolco Pictures,0,0,0,0,0,0,0,0,0,0,0,0,0,0,0,0,0
Q1044328,Le Nouvel Obs,0,0,0,0,0,0,0,0,0,0,0,0,0,0,0,0,0
Q1044341,Pietro De Vico,0,0,0,0,0,0,0,0,0,0,0,0,0,0,0,0,0
Q10444,Bamberg,1,0,0,0,0,0,0,0,0,0,0,0,0,0,0,0,0
Q1044427,Primetime Emmy Award,0,0,0,0,0,0,0,0,0,0,0,0,0,0,0,0,0
Q10445,Forchheim,1,0,0,0,0,0,0,0,0,0,0,0,0,0,0,0,0
Q1044598,Departures,0,0,0,0,0,0,0,0,0,0,0,0,0,0,0,0,0
Q1044635,Bewitched,0,0,0,0,0,0,0,0,0,0,0,0,0,0,0,1,0
Q10447,Erlangen-Höchstadt,1,0,0,0,0,0,0,0,0,0,0,0,0,0,0,0,0
Q1044734,Vittorio Duse,0,0,0,0,0,0,0,0,0,0,0,0,0,0,0,0,0
Q1044859,Coco Before Chanel,0,0,0,0,0,0,0,0,0,0,0,0,0,0,0,0,0
Q10449,Nürnberger Land,1,0,0,0,0,0,0,0,0,0,0,0,0,0,0,0,0
Q1045,Somalia,1,0,0,0,0,0,0,0,0,0,0,0,0,0,0,0,0
Q1045023,Carrie,0,0,0,0,0,0,0,0,0,0,0,0,0,0,0,0,0
Q10451,Roth,1,0,0,0,0,0,0,0,0,0,0,0,0,0,0,0,0
Q104514,Adrien Brody,0,0,0,0,0,0,0,0,0,0,0,0,0,0,0,0,0
Q1045165,Shane,0,0,0,0,0,0,0,0,0,0,0,0,0,0,0,0,0
Q10453,Weißenburg-Gunzenhausen,1,0,0,0,0,0,0,0,0,0,0,0,0,0,0,0,0
Q1045344,The Learning Company,0,0,0,0,0,0,0,0,0,0,0,0,0,0,0,0,0
Q1045388,Night Watch,0,0,0,0,0,0,0,0,0,0,0,0,0,0,0,0,0
Q10454,Ansbach,1,0,0,0,0,0,0,0,0,0,0,0,0,0,0,0,0
Q10454329,Steve Mardenborough,0,0,0,0,0,0,0,0,0,0,0,0,0,0,0,0,0
Q1045541,G-funk,0,0,0,0,0,0,0,0,0,0,0,0,0,0,0,0,0
Q10456,Neustadt (Aisch)-Bad Windsheim,1,0,0,0,0,0,0,0,0,0,0,0,0,0,0,0,0
Q104568,Hans Leibelt,0,0,0,0,0,0,0,0,0,0,0,0,0,0,0,0,0
Q10458,Würzburg,1,0,0,0,0,0,0,0,0,0,0,0,0,0,0,0,0
Q1045828,University of East Anglia,0,0,0,0,0,0,0,0,0,0,0,0,0,0,0,0,0
Q104587,Kyjov,1,0,0,0,0,0,0,0,0,0,0,0,0,0,0,0,0
Q10459,Kitzingen,1,0,0,0,0,0,0,0,0,0,0,0,0,0,0,0,0
Q104604,Wilhelm Bendow,0,0,0,0,0,0,0,0,0,0,0,0,0,0,0,0,0
Q1046066,Fueled by Ramen,0,0,0,0,0,0,0,0,0,0,0,0,0,0,0,0,0
Q1046088,hall of fame,0,0,0,0,0,0,0,0,0,0,0,0,0,0,0,0,0
Q10461,Schweinfurt,1,0,0,0,0,0,0,0,0,0,0,0,0,0,0,0,0
Q10462,Haßberge,1,0,0,0,0,0,0,0,0,0,0,0,0,0,0,0,0
Q1046295,The Princess Diaries,0,0,0,0,0,0,0,0,0,0,0,0,0,0,0,0,0
Q1046367,Shandong Taishan F.C.,0,0,0,0,0,0,0,0,0,0,0,0,0,0,0,0,0
Q10465,Rhön-Grabfeld,1,0,0,0,0,0,0,0,0,0,0,0,0,0,0,0,0
Q10466,Bad Kissingen,1,0,0,0,0,0,0,0,0,0,0,0,0,0,0,0,0
Q104667,Eugen Klöpfer,0,0,0,0,0,0,0,0,0,0,0,0,0,0,0,0,0
Q104668,Vitaly Ginzburg,0,0,0,0,0,0,0,0,0,0,0,0,0,0,0,0,0
Q10467,FC Barcelona Atlètic,0,0,0,0,0,0,0,0,0,0,0,0,0,0,0,0,0
Q1046790,Casanova 70,0,0,0,0,0,0,0,0,0,0,0,0,0,0,0,0,0
Q104680,colonel,0,0,0,0,0,0,0,0,0,0,0,0,0,0,0,0,0
Q1046812,Sonic the Hedgehog,0,0,0,0,0,0,0,0,0,0,0,0,0,0,0,0,0
Q1046841,Vanity Fair,0,0,0,0,0,0,0,0,0,0,0,0,0,0,0,0,0
Q1046883,The King of Fighters,0,0,0,0,0,0,0,0,0,0,0,0,0,0,0,0,0
Q10469,Main-Spessart,1,0,0,0,0,0,0,0,0,0,0,0,0,0,0,0,0
Q1046947,Royal Marines,0,0,0,0,0,0,0,0,0,0,0,0,0,0,0,0,0
Q1047,Jawaharlal Nehru,0,0,0,0,0,0,0,0,0,0,0,0,0,0,0,0,0
Q1047060,Case Western Reserve University,0,0,0,0,0,0,0,0,0,0,0,0,0,0,0,0,0
Q10471,Aschaffenburg,1,0,0,0,0,0,0,0,0,0,0,0,0,0,0,0,0
Q104712,Elbląg,1,0,0,0,0,0,0,0,0,0,0,0,0,0,0,0,0
Q1047199,ImageMagick,0,0,0,0,0,0,0,0,0,0,0,0,0,0,0,0,0
Q10472,Miltenberg,1,0,0,0,0,0,0,0,0,0,0,0,0,0,0,0,0
Q104720,Zielona Góra,1,0,0,0,0,0,0,0,0,0,0,0,0,0,0,0,0
Q104725,Płock,1,0,0,0,0,0,0,0,0,0,0,0,0,0,0,0,0
Q1047293,"University of California, Santa Cruz",1,0,0,0,0,0,0,0,0,0,0,0,0,0,0,0,0
Q104731,Gorzów Wielkopolski,1,0,0,0,0,0,0,0,0,0,0,0,0,0,0,0,0
Q1047366,Cash Money Records,0,0,0,0,0,0,0,0,0,0,0,0,0,0,0,0,0
Q10474,Kelheim,1,0,0,0,0,0,0,0,0,0,0,0,0,0,0,0,0
Q104740,Radom,1,0,0,0,0,0,0,0,0,0,0,0,0,0,0,0,0
Q1047410,Walt Disney Animation Studios,0,0,0,0,0,0,0,0,0,0,0,0,0,0,0,0,0
Q10475,Landshut,1,0,0,0,0,0,0,0,0,0,0,0,0,0,0,0,0
